SpectraSmart Spectrum 2.12.1.1	
--------- Device Information -----------	
Spectrum Name : 	??_0
Saving Time : 	2026/7/22 16:43
Spectro-Module Model Name :	EE2063-VNIR
Spectro-Module Serial Number :	OS361AC55037329
Wavelength Start :	350
Wavelength End :	1020
Wavelength Unit :	Wavelength(nm)
Spectrum Unit :	Intensity
MB Temperature(簞C) :	35.75 簞C
TEC Temperature(簞C) :	0.00 簞C
-----------Spectrum Setting ------------	
Integration Time :	2000ms
Average :	1
Boxcar :	0
Background removal :	 enabled
linearity correction :	 enabled
SC :	 disabled
Intensity correction :	 disabled
DWT denoise :	 enabled
savitzky-golay :	 disabled
FFT :	 disabled
Running average :	 disabled
Kalman :	 disabled
High pass :	 disabled
Baseline correction :	 disabled
---------------BEGIN--------------------	
Wavelength(nm)	Intensity
350.01	1178.321
350.39	1175.552
350.77	1172.483
351.15	1168.678
351.52	1164.958
351.9	1162.621
352.28	1162.008
352.66	1163.342
353.04	1164.965
353.42	1164.07
353.8	1160.206
354.17	1153.896
354.55	1148.289
354.93	1148.487
355.31	1155.169
355.69	1166.619
356.06	1178.005
356.44	1181.589
356.82	1175.956
357.2	1163.916
357.58	1150.655
357.95	1144.501
358.33	1147.617
358.71	1157.17
359.09	1169.832
359.46	1180.231
359.84	1186.41
360.22	1190.026
360.6	1191.461
360.97	1191.299
361.35	1190.077
361.73	1187.244
362.1	1184.052
362.48	1182.844
362.86	1184.056
363.24	1187.307
363.61	1190.94
363.99	1192.01
364.37	1189.903
364.74	1185.629
365.12	1180.796
365.5	1177.972
365.87	1177.894
366.25	1179.708
366.63	1182.375
367	1184.364
367.38	1184.968
367.76	1184.373
368.13	1183.138
368.51	1182.016
368.88	1181.434
369.26	1181.81
369.64	1181.969
370.01	1180.049
370.39	1176.126
370.76	1170.677
371.14	1167.439
371.52	1172.336
371.89	1185.765
372.27	1205.202
372.64	1224.326
373.02	1233.139
373.4	1229.346
373.77	1216.113
374.15	1198.802
374.52	1186.249
374.9	1181.249
375.27	1181.313
375.65	1184.193
376.02	1186.145
376.4	1185.83
376.77	1184.852
377.15	1183.478
377.52	1181.72
377.9	1179.88
378.27	1177.698
378.65	1175.804
379.02	1175.549
379.4	1177.17
379.77	1180.221
380.15	1184.204
380.52	1188.221
380.9	1191.802
381.27	1195.063
381.65	1197.571
382.02	1198.705
382.4	1198.467
382.77	1197.06
383.15	1195.313
383.52	1194.611
383.89	1195.364
384.27	1197.314
384.64	1199.917
385.02	1202.191
385.39	1203.827
385.77	1205.078
386.14	1206.213
386.51	1207.699
386.89	1209.542
387.26	1211.349
387.64	1212.794
388.01	1213.449
388.38	1213.21
388.76	1212.373
389.13	1210.935
389.51	1208.855
389.88	1206.342
390.25	1203.509
390.63	1201.082
391	1200.216
391.37	1200.983
391.75	1202.869
392.12	1204.901
392.49	1205.452
392.87	1204.148
393.24	1201.665
393.61	1198.281
393.99	1194.565
394.36	1190.807
394.73	1186.552
395.11	1182.965
395.48	1181.884
395.85	1183.476
396.23	1187.575
396.6	1191.415
396.97	1190.388
397.35	1184.001
397.72	1173.919
398.09	1164.468
398.46	1162.652
398.84	1169.745
399.21	1182.976
399.58	1198.148
399.95	1208.572
400.33	1212.091
400.7	1210.687
401.07	1205.7
401.44	1199.415
401.82	1193.107
402.19	1186.148
402.56	1179.899
402.93	1176.601
403.31	1176.718
403.68	1180.165
404.05	1184.977
404.42	1187.665
404.8	1187.211
405.17	1184.06
405.54	1180.26
405.91	1179.252
406.28	1181.726
406.66	1186.784
407.03	1191.349
407.4	1190.59
407.77	1183.833
408.14	1172.839
408.52	1162.205
408.89	1159.139
409.26	1165.112
409.63	1177.748
410	1192.145
410.38	1200.449
410.75	1200.566
411.12	1194.781
411.49	1186.765
411.86	1182.517
412.23	1183.622
412.6	1187.942
412.98	1193.009
413.35	1195.008
413.72	1192.976
414.09	1188.675
414.46	1183.521
414.83	1179.518
415.2	1177.453
415.58	1176.524
415.95	1176.943
416.32	1179.083
416.69	1182.788
417.06	1188.171
417.43	1193.646
417.8	1196.641
418.17	1196.538
418.54	1193.51
418.91	1189.912
419.29	1189.743
419.66	1193.606
420.03	1200.303
420.4	1206.155
420.77	1205.242
421.14	1196.666
421.51	1182.779
421.88	1168.145
422.25	1159.952
422.62	1160.045
422.99	1166.134
423.36	1174.956
423.73	1181.213
424.1	1183.121
424.47	1182.173
424.84	1179.429
425.22	1176.729
425.59	1174.648
425.96	1172.039
426.33	1169.094
426.7	1166.547
427.07	1164.619
427.44	1163.907
427.81	1163.99
428.18	1163.966
428.55	1165.406
428.92	1168.521
429.29	1173.088
429.66	1191.853
430.03	1236.314
430.4	1248.803
430.77	1219.16
431.14	1292.11
431.51	1469.774
431.88	1181.942
432.25	1261.752
432.62	1173.132
432.99	1168.733
433.36	1166.859
433.73	1165.249
434.1	1169.923
434.46	1169.781
434.83	1171.365
435.2	1174.347
435.57	1178.612
435.94	1184.372
436.31	1190.78
436.68	1197.354
437.05	1203.67
437.42	1209.476
437.79	1215.018
438.16	1220.179
438.53	1224.457
438.9	1228.14
439.27	1232.043
439.64	1236.408
440.01	1241.526
440.37	1247.641
440.74	1254.33
441.11	1262.944
441.48	1275.656
441.85	1292.134
442.22	1311.213
442.59	1328.972
442.96	1339.267
443.33	1341.062
443.7	1336.592
444.06	1330.209
444.43	1328.951
444.8	1335.091
445.17	1347.01
445.54	1362.781
445.91	1378.943
446.28	1394.345
446.65	1410.232
447.01	1426.914
447.38	1444.798
447.75	1463.715
448.12	1482.408
448.49	1500.865
448.86	1519.559
449.23	1538.214
449.59	1556.779
449.96	1573.398
450.33	1585.108
450.7	1591.829
451.07	1594.829
451.44	1597.675
451.8	1606.037
452.17	1621.095
452.54	1641.011
452.91	1662.541
453.28	1680.264
453.65	1692.682
454.01	1701.664
454.38	1708.543
454.75	1715.604
455.12	1723.665
455.49	1731.371
455.85	1739.694
456.22	1750.378
456.59	1763.283
456.96	1778.237
457.32	1791.677
457.69	1797.704
458.06	1795.563
458.43	1787.182
458.8	1777.954
459.16	1776.658
459.53	1785.203
459.9	1800.828
460.27	1818.678
460.63	1830.656
461	1834.891
461.37	1834.711
461.74	1833.004
462.1	1834.361
462.47	1840.363
462.84	1848.732
463.21	1860.316
463.57	1876.689
463.94	1897.034
464.31	1920.84
464.68	1942.569
465.04	1953.346
465.41	1951.606
465.78	1939.642
466.15	1924.892
466.51	1919.638
466.88	1926.835
467.25	1943.2
467.61	1961.703
467.98	1970.724
468.35	1967.693
468.71	1956.85
469.08	1944.64
469.45	1941.118
469.82	1948.897
470.18	1964.324
470.55	1982.942
470.92	1997.891
471.28	2006.858
471.65	2011.989
472.02	2014.988
472.38	2018.459
472.75	2023.424
473.12	2028.87
473.48	2034.565
473.85	2040.396
474.22	2046.463
474.58	2053.417
474.95	2061.474
475.32	2070.676
475.68	2080.953
476.05	2091.927
476.42	2103.783
476.78	2116.856
477.15	2131.022
477.51	2146.276
477.88	2161.2
478.25	2173.59
478.61	2183.28
478.98	2190.989
479.35	2199.467
479.71	2213.1
480.08	2232.722
480.44	2256.944
480.81	2282.473
481.18	2304.052
481.54	2320.198
481.91	2332.176
482.27	2342.722
482.64	2356.294
483.01	2374.108
483.37	2395.016
483.74	2416.396
484.1	2434.126
484.47	2447.499
484.84	2458.117
485.2	2469.594
485.57	2487.398
485.93	2512.793
486.3	2544.22
486.66	2577.728
487.03	2607.037
487.4	2630.576
487.76	2649.991
488.13	2669.253
488.49	2694.753
488.86	2727.79
489.22	2766.082
489.59	2805.02
489.95	2837.545
490.32	2861.826
490.68	2879.816
491.05	2896.007
491.42	2917.478
491.78	2946.153
492.15	2980.447
492.51	3015.908
492.88	3045.286
493.24	3067.512
493.61	3085.49
493.97	3105.204
494.34	3136.038
494.7	3179.598
495.07	3231.887
495.43	3287.053
495.8	3335.836
496.16	3375.57
496.53	3409.621
496.89	3439.963
497.26	3469.881
497.62	3501.34
497.99	3533.12
498.35	3568.45
498.72	3612.634
499.08	3665.925
499.45	3726.867
499.81	3789.056
500.17	3841.817
500.54	3882.858
500.9	3915.335
501.27	3945.469
501.63	3983.588
502	4032.569
502.36	4089.288
502.73	4149.929
503.09	4208.222
503.46	4262.298
503.82	4314.54
504.18	4366.323
504.55	4419.728
504.91	4475.172
505.28	4530.647
505.64	4586.389
506.01	4643.325
506.37	4701.004
506.73	4759.529
507.1	4815.636
507.46	4863.813
507.83	4904.103
508.19	4939.332
508.55	4975.584
508.92	5022.551
509.28	5082.399
509.65	5151.566
510.01	5226.099
510.37	5299.357
510.74	5368.584
511.1	5435.79
511.46	5499.295
511.83	5556.589
512.19	5608.288
512.56	5654.943
512.92	5702.487
513.28	5760.896
513.65	5831.882
514.01	5912.309
514.37	5995.353
514.74	6069.684
515.1	6132.244
515.46	6186.622
515.83	6237.171
516.19	6290.88
516.55	6350.649
516.92	6415.042
517.28	6483.259
517.64	6554.108
518.01	6626.889
518.37	6701.74
518.73	6779.407
519.1	6860.737
519.46	6944.93
519.82	7030.784
520.19	7114.267
520.55	7189.405
520.91	7255.566
521.28	7315.253
521.64	7373.766
522	7439.633
522.37	7515.296
522.73	7598.302
523.09	7685.892
523.45	7773.364
523.82	7858.567
524.18	7942.482
524.54	8024.453
524.91	8103.444
525.27	8179.562
525.63	8252.972
525.99	8324.95
526.36	8397.943
526.72	8472.99
527.08	8549.917
527.44	8629.022
527.81	8710.501
528.17	8793.925
528.53	8878.868
528.89	8964.211
529.26	9048.06
529.62	9129.918
529.98	9210.535
530.34	9289.894
530.7	9368.073
531.07	9445.813
531.43	9523.42
531.79	9603.141
532.15	9688.648
532.52	9780.002
532.88	9875.176
533.24	9971.287
533.6	10063.15
533.96	10148.32
534.33	10231.4
534.69	10313.15
535.05	10385.54
535.41	10448.22
535.77	10540.17
536.14	10600.81
536.5	10689.77
536.86	10788.96
537.22	10897.65
537.58	11010.9
537.94	11121.67
538.31	11227.84
538.67	11330.36
539.03	11429.75
539.39	11527.25
539.75	11623.62
540.11	11717.85
540.48	11811.86
540.84	11909.31
541.2	12010.44
541.56	12114
541.92	12216.64
542.28	12312.82
542.64	12401.14
543	12483.39
543.37	12562.11
543.73	12641.37
544.09	12723.14
544.45	12807.47
544.81	12894.41
545.17	12983.44
545.53	13075.2
545.89	13171.13
546.25	13272.34
546.62	13380.34
546.98	13494.33
547.34	13611.24
547.7	13729.7
548.06	13848.24
548.42	13964.65
548.78	14078.34
549.14	14183.66
549.5	14272.22
549.86	14344.08
550.22	14403.44
550.58	14460.78
550.94	14532.65
551.31	14623.68
551.67	14729.88
552.03	14844.54
552.39	14955.96
552.75	15059.98
553.11	15159.55
553.47	15256.52
553.83	15354.02
554.19	15453.09
554.55	15552.04
554.91	15650.02
555.27	15746.57
555.63	15841.82
555.99	15936.56
556.35	16032.42
556.71	16131.54
557.07	16234.16
557.43	16339.31
557.79	16444.67
558.15	16546.71
558.51	16644.16
558.87	16737.48
559.23	16828.32
559.59	16919.38
559.95	17011.79
560.31	17105.66
560.67	17199.14
561.03	17289.22
561.39	17375.78
561.75	17459.72
562.11	17546.21
562.47	17643.13
562.83	17751.56
563.19	17869.22
563.55	17987.65
563.91	18093.39
564.26	18183.66
564.62	18262.24
564.98	18339.02
565.34	18430.13
565.7	18539.04
566.06	18660.42
566.42	18784.26
566.78	18894.65
567.14	18987.52
567.5	19068
567.86	19144.02
568.22	19228.19
568.58	19323.98
568.93	19427.11
569.29	19532.42
569.65	19631.81
570.01	19723.27
570.37	19810.57
570.73	19896.91
571.09	19986.75
571.45	20081.76
571.81	20180.74
572.16	20284.86
572.52	20390.78
572.88	20488.56
573.24	20605.98
573.6	20748.89
573.96	20831.38
574.32	20832.25
574.67	21137.6
575.03	21083.69
575.39	21203.05
575.75	21299.11
576.11	21387.56
576.47	21467.94
576.83	21552.89
577.18	21649.53
577.54	21748.9
577.9	21844.83
578.26	21925.75
578.62	21990.37
578.97	22044.6
579.33	22098.03
579.69	22165.94
580.05	22252.51
580.41	22352.16
580.76	22461.21
581.12	22573.52
581.48	22684.92
581.84	22796.39
582.2	22902.02
582.55	22992.38
582.91	23067.11
583.27	23129.78
583.63	23189.76
583.98	23262.93
584.34	23353.48
584.7	23456.49
585.06	23567.56
585.41	23678.8
585.77	23786.28
586.13	23892.03
586.49	23991.53
586.84	24078.03
587.2	24150.6
587.56	24209.4
587.92	24263.54
588.27	24328.47
588.63	24407.71
588.99	24498.54
589.35	24589.4
589.7	24660.81
590.06	24709.86
590.42	24743.96
590.77	24778.77
591.13	24838.95
591.49	24929.67
591.84	25041.88
592.2	25161.04
592.56	25264.21
592.92	25344.23
593.27	25407.75
593.63	25462.29
593.99	25519.88
594.34	25585.44
594.7	25656.07
595.06	25729.54
595.41	25802.88
595.77	25875.06
596.12	25946.91
596.48	26022.26
596.84	26106.31
597.19	26198.66
597.55	26296.82
597.91	26390.71
598.26	26464.88
598.62	26517.1
598.98	26552.9
599.33	26585.72
599.69	26637.21
600.04	26712.76
600.4	26806.06
600.76	26906.74
601.11	26996.44
601.47	27067.12
601.82	27130.99
602.18	27195.93
602.54	27249.24
602.89	27288.62
603.25	27413.43
603.6	27443.79
603.96	27513.87
604.32	27570.77
604.67	27621.41
605.03	27672.17
605.38	27736.59
605.74	27817.19
606.09	27906.19
606.45	27993.74
606.8	28063.59
607.16	28112.9
607.52	28150.29
607.87	28181.11
608.23	28214.66
608.58	28257.27
608.94	28301.53
609.29	28348.4
609.65	28443.99
610	28595.66
610.36	28710.88
610.71	28742.1
611.07	29050.61
611.42	28932.45
611.78	28957.84
612.13	28948.54
612.49	28969.13
612.84	29027.25
613.2	29114.86
613.55	29218.67
613.91	29297.74
614.26	29343.34
614.62	29368.57
614.97	29382.15
615.33	29397.08
615.68	29419.8
616.03	29446.46
616.39	29479.01
616.74	29521.77
617.1	29574.38
617.45	29635.3
617.81	29700.5
618.16	29762.99
618.52	29818.74
618.87	29866.88
619.22	29905.16
619.58	29932.04
619.93	29949.62
620.29	29957.97
620.64	29959.65
621	29971.48
621.35	29998.42
621.7	29998.49
622.06	29997.47
622.41	30049.8
622.76	30130.8
623.12	30091.75
623.47	29964.05
623.83	29929.25
624.18	30000.83
624.53	30081.08
624.89	30148.52
625.24	30208.64
625.59	30252.31
625.95	30280.91
626.3	30300.32
626.66	30316.13
627.01	30334.72
627.36	30362.97
627.72	30402.62
628.07	30447.88
628.42	30499.28
628.78	30563.84
629.13	30636.24
629.48	30704.5
629.84	30765.01
630.19	30816.91
630.54	30868.2
630.89	30932.53
631.25	31011.38
631.6	31101.74
631.95	31184.5
632.31	31229.4
632.66	31233.55
633.01	31208.21
633.36	31184.86
633.72	31213.99
634.07	31304.65
634.42	31437.9
634.78	31581.73
635.13	31684.23
635.48	31731.15
635.83	31740.68
636.19	31727.85
636.54	31717.33
636.89	31720.41
637.24	31728.6
637.6	31750.7
637.95	31801.64
638.3	31880.54
638.65	31983.94
639	32088.73
639.36	32156.06
639.71	32178
640.06	32164.76
640.41	32138.55
640.77	32141.33
641.12	32183.38
641.47	32239.76
641.82	32297
642.17	32360.32
642.53	32411.68
642.88	32400.3
643.23	32339.26
643.58	32325.77
643.93	32373.3
644.28	32391.07
644.64	32371.11
644.99	32538.9
645.34	32541.58
645.69	32650.98
646.04	32730.63
646.39	32754.48
646.74	32718.2
647.1	32602.2
647.45	32446.46
647.8	32472.13
648.15	32476.58
648.5	32516.04
648.85	32521.53
649.2	32571.79
649.55	32661.42
649.91	32722.83
650.26	32734.39
650.61	32820.27
650.96	32753.34
651.31	32711.23
651.66	32655.87
652.01	32642.53
652.36	32678.23
652.71	32751.13
653.06	32828.07
653.41	32846.76
653.76	32796.68
654.12	32702.86
654.47	32597.1
654.82	32530.09
655.17	32516.58
655.52	32536.09
655.87	32580.64
656.22	32638.15
656.57	32697.11
656.92	32761.11
657.27	32805.48
657.62	32789.23
657.97	32710.52
658.32	32585.51
658.67	32454.46
659.02	32384.5
659.37	32391.57
659.72	32452.05
660.07	32542.19
660.42	32622.11
660.77	32673.83
661.12	32708
661.47	32710.06
661.82	32665.89
662.17	32581.98
662.52	32449.95
662.87	32300.75
663.22	32279.8
663.57	32255.98
663.92	32319.67
664.27	32402.3
664.62	32483.86
664.97	32550.17
665.32	32533.28
665.66	32562
666.01	32502.89
666.36	32401.78
666.71	32261.54
667.06	32123.77
667.41	32054.72
667.76	32066.58
668.11	32141.71
668.46	32238.41
668.81	32286.36
669.16	32266.49
669.51	32200.82
669.85	32113.46
670.2	32044.17
670.55	32006.43
670.9	31985.09
671.25	31975.95
671.6	31974.64
671.95	31975.87
672.3	31981.62
672.64	31981.27
672.99	31958.9
673.34	31915.78
673.69	31842.85
674.04	31749.99
674.39	31696.32
674.73	31693.32
675.08	31570.5
675.43	31643.41
675.78	31594.93
676.13	31540.51
676.48	31633.22
676.82	31544.71
677.17	31521.13
677.52	31460.64
677.87	31382.17
678.22	31287.11
678.56	31207.84
678.91	31159.69
679.26	31093.73
679.61	31009.56
679.96	31118.87
680.3	31074.68
680.65	31142.13
681	31184.76
681.35	31175.27
681.69	31088.9
682.04	30981.88
682.39	30863.39
682.74	30683.12
683.08	30486.48
683.43	30411.43
683.78	30455.69
684.13	30488.82
684.47	30496.69
684.82	30549.82
685.17	30627
685.51	30622.54
685.86	30615.54
686.21	30468.8
686.56	30249.86
686.9	30084.82
687.25	29999.71
687.6	29936.21
687.94	29894.56
688.29	29899.46
688.64	29940.36
688.98	30000.81
689.33	30056.81
689.68	30068.87
690.02	30024.39
690.37	29937.35
690.72	29804.34
691.06	29622.43
691.41	29407.27
691.76	29170.7
692.1	28964.09
692.45	28867.84
692.8	28892.85
693.14	29007.65
693.49	29157.12
693.83	29249.26
694.18	29253.59
694.53	29196.99
694.87	29086.46
695.22	28937.37
695.57	28768.33
695.91	28576.44
696.26	28404.92
696.6	28328.59
696.95	28355.69
697.29	28452.69
697.64	28563.9
697.99	28612.88
698.33	28564.88
698.68	28411.37
699.02	28185.43
699.37	27978.24
699.71	27818.71
700.06	27673.2
700.41	27562.31
700.75	27530.62
701.1	27575.88
701.44	27679.09
701.79	27799.68
702.13	27869.69
702.48	27865.19
702.82	27800.54
703.17	27682.86
703.51	27527.94
703.86	27353.35
704.2	27165.13
704.55	26989.52
704.89	26867.94
705.24	26809.86
705.58	26802
705.93	26832.94
706.27	26880.32
706.62	26925.48
706.96	26965.88
707.31	26970.44
707.65	26892.16
708	26729.39
708.34	26504.68
708.68	26262.66
709.03	26074.44
709.37	25964.08
709.72	25917.16
710.06	25927.31
710.41	25958.51
710.75	26023.88
711.1	26097.2
711.44	26155.64
711.78	26129.96
712.13	26005.46
712.47	25866.77
712.82	25621.75
713.16	25419.39
713.5	25248.2
713.85	25108.61
714.19	25003.66
714.54	24938.36
714.88	24910.77
715.22	24907.86
715.57	24924.63
715.91	24968.89
716.25	25018.8
716.6	25025.88
716.94	24974.3
717.28	24879.21
717.63	24742.98
717.97	24557.63
718.31	24347.99
718.66	24164.49
719	24024.6
719.34	23919.43
719.69	23853.08
720.03	23828.25
720.37	23835.52
720.72	23866.55
721.06	23892.55
721.4	23868.5
721.75	23780.72
722.09	23637.94
722.43	23455.79
722.78	23262.98
723.12	23076.2
723.46	22898.68
723.8	22737.44
724.15	22599.77
724.49	22490.99
724.83	22413.82
725.17	22375.42
725.52	22383.73
725.86	22430.63
726.2	22500.68
726.54	22565.79
726.89	22585.41
727.23	22546.1
727.57	22456.7
727.91	22326.94
728.26	22175.52
728.6	22016.77
728.94	21854.55
729.28	21704.54
729.62	21588.99
729.97	21513.57
730.31	21473.19
730.65	21458.94
730.99	21453.95
731.33	21445.06
731.68	21426.63
732.02	21384.81
732.36	21301.35
732.7	21172.84
733.04	21006.16
733.38	20810.74
733.72	20603.13
734.07	20397.05
734.41	20199.11
734.75	20026.6
735.09	19902.04
735.43	19830.79
735.77	19807.94
736.11	19819.1
736.46	19839.1
736.8	19854.62
737.14	19862.91
737.48	19861.18
737.82	19849.31
738.16	19825.64
738.5	19787.9
738.84	19731.14
739.18	19649.51
739.52	19548.14
739.87	19437.11
740.21	19335.3
740.55	19270.22
740.89	19248.39
741.23	19259.76
741.57	19293.27
741.91	19330.52
742.25	19359.28
742.59	19378.27
742.93	19375.54
743.27	19334.46
743.61	19254.02
743.95	19141.28
744.29	19011.44
744.63	18889.85
744.97	18788.93
745.31	18708.88
745.65	18654.04
745.99	18627.18
746.33	18627.17
746.67	18653.22
747.01	18696.68
747.35	18742.55
747.69	18783.24
748.03	18815.95
748.37	18838.54
748.71	18852.09
749.05	18854.21
749.39	18839.34
749.73	18805.66
750.07	18752.68
750.41	18681.06
750.75	18595.03
751.09	18495.04
751.43	18379.43
751.77	18254.68
752.11	18130.59
752.45	18020.47
752.79	17942.53
753.12	17901.87
753.46	17891.37
753.8	17907.41
754.14	17944.13
754.48	17992.35
754.82	18043.14
755.16	18075.81
755.5	18068.65
755.84	18016.43
756.18	17893.85
756.51	17773.07
756.85	17640.78
757.19	17526.11
757.53	17426.65
757.87	17339.78
758.21	17256.16
758.55	17176.14
758.88	17108.92
759.22	17063.41
759.56	17050.86
759.9	17070.67
760.24	17112.16
760.58	17162.8
760.91	17205.73
761.25	17230.13
761.59	17233.36
761.93	17210.07
762.27	17153.87
762.6	17065.42
762.94	16953.09
763.28	16824.3
763.62	16681.34
763.96	16538.43
764.29	16422.18
764.63	16336.95
764.97	16267.6
765.31	16214.33
765.64	16186.16
765.98	16182.3
766.32	16195.71
766.66	16218.31
766.99	16242.8
767.33	16252.4
767.67	16224.05
768.01	16152.21
768.34	16043.91
768.68	15910.82
769.02	15772.74
769.36	15641.76
769.69	15520.61
770.03	15416.65
770.37	15338.1
770.7	15287.28
771.04	15263.02
771.38	15262.04
771.71	15277.32
772.05	15300.91
772.39	15326.55
772.72	15342.22
773.06	15332.27
773.4	15291.66
773.73	15222.95
774.07	15131.78
774.41	15029.25
774.74	14922.73
775.08	14814.72
775.42	14711.92
775.75	14622.39
776.09	14549.92
776.43	14495.91
776.76	14458.07
777.1	14430.74
777.43	14409.24
777.77	14389.29
778.11	14368.51
778.44	14345.23
778.78	14315.61
779.11	14276.92
779.45	14219.74
779.79	14130.97
780.12	14011.54
780.46	13870.06
780.79	13725.1
781.13	13604.71
781.46	13519.24
781.8	13465.78
782.14	13435.99
782.47	13413.58
782.81	13392.89
783.14	13376.67
783.48	13369.26
783.81	13378.31
784.15	13400.95
784.48	13426.66
784.82	13441.89
785.15	13428.87
785.49	13381.81
785.82	13305.67
786.16	13206.75
786.49	13095.49
786.83	12979.87
787.16	12863.77
787.5	12753.39
787.83	12655.97
788.17	12576.08
788.5	12515.4
788.84	12476.53
789.17	12461.48
789.51	12465.87
789.84	12482.11
790.17	12498.96
790.51	12500.66
790.84	12479.93
791.18	12438.09
791.51	12372.76
791.85	12282.75
792.18	12172.25
792.51	12045.3
792.85	11916.47
793.18	11808.04
793.52	11727
793.85	11670.85
794.18	11631.2
794.52	11591.15
794.85	11546.48
795.19	11503.47
795.52	11465.72
795.85	11439.23
796.19	11424.61
796.52	11414.73
796.85	11409.41
797.19	11411.04
797.52	11415.23
797.86	11417.15
798.19	11403.81
798.52	11355.41
798.86	11269.41
799.19	11155.2
799.52	11026.5
799.86	10904.75
800.19	10800.88
800.52	10714.68
800.85	10649.33
801.19	10607.29
801.52	10587.05
801.85	10586.41
802.19	10599.42
802.52	10615.94
802.85	10629.04
803.18	10635.63
803.52	10628.45
803.85	10599.33
804.18	10546.86
804.51	10472.77
804.85	10385.43
805.18	10299.32
805.51	10220.19
805.84	10147.79
806.18	10079.89
806.51	10010.46
806.84	9939.73
807.17	9872.953
807.51	9814.769
807.84	9771.082
808.17	9742.786
808.5	9725.558
808.83	9716.401
809.17	9711.627
809.5	9706.94
809.83	9699.791
810.16	9683.896
810.49	9650.86
810.82	9598.624
811.16	9529.075
811.49	9447.655
811.82	9363.714
812.15	9282.059
812.48	9203.894
812.81	9129.646
813.15	9058.156
813.48	8990.856
813.81	8930.751
814.14	8882.02
814.47	8849.86
814.8	8834.084
815.13	8830.739
815.46	8833.219
815.79	8831.983
816.13	8822.31
816.46	8803.629
816.79	8776.088
817.12	8741.696
817.45	8700.814
817.78	8652.364
818.11	8595.82
818.44	8530.685
818.77	8458.858
819.1	8384.113
819.43	8310.706
819.76	8243.835
820.09	8186.459
820.42	8139.027
820.75	8102.766
821.08	8078.421
821.41	8065.083
821.75	8061.45
822.08	8063.341
822.41	8064.559
822.74	8061.875
823.07	8053.812
823.4	8041.08
823.73	8026.429
824.06	8009.594
824.38	7988.802
824.71	7960.193
825.04	7918.238
825.37	7862.866
825.7	7797.449
826.03	7728.754
826.36	7666.799
826.69	7615.263
827.02	7573.284
827.35	7537.454
827.68	7501.145
828.01	7463.102
828.34	7426.022
828.67	7393.66
829	7371.726
829.33	7360.6
829.66	7356.198
829.98	7353.666
830.31	7346.478
830.64	7331.105
830.97	7307.303
831.3	7275.121
831.63	7235.329
831.96	7188.981
832.29	7137.44
832.62	7080.756
832.94	7018.788
833.27	6954.063
833.6	6889.515
833.93	6832.625
834.26	6793.878
834.59	6775.319
834.91	6773.913
835.24	6781.511
835.57	6784.663
835.9	6778.736
836.23	6765.641
836.56	6749.338
836.88	6737.372
837.21	6730.845
837.54	6725.548
837.87	6716.724
838.19	6697.82
838.52	6667.143
838.85	6627.396
839.18	6581.99
839.51	6535.935
839.83	6491.628
840.16	6448.841
840.49	6407.24
840.82	6365.906
841.14	6324.994
841.47	6285.677
841.8	6249.94
842.13	6220.082
842.45	6196.758
842.78	6179.917
843.11	6166.423
843.43	6151.277
843.76	6133.405
844.09	6113.197
844.41	6095.331
844.74	6088.03
845.07	6091.034
845.4	6099.075
845.72	6103.473
846.05	6091.024
846.38	6058.482
846.7	6011.037
847.03	5953.412
847.35	5893.169
847.68	5835.248
848.01	5779.733
848.33	5731.747
848.66	5698.638
848.99	5681.357
849.31	5678.109
849.64	5682.628
849.96	5683.828
850.29	5677.99
850.62	5667.227
850.94	5653.235
851.27	5639.722
851.59	5628.146
851.92	5616.6
852.25	5606.008
852.57	5598.591
852.9	5593.898
853.22	5590.651
853.55	5586.056
853.87	5575.452
854.2	5557.386
854.53	5533.256
854.85	5503.711
855.18	5469.936
855.5	5433.719
855.83	5396.251
856.15	5360.69
856.48	5331.592
856.8	5310.462
857.13	5296.722
857.45	5289.024
857.78	5284.535
858.1	5281.667
858.43	5280.271
858.75	5279.029
859.08	5276.306
859.4	5271.163
859.72	5262.71
860.05	5251.11
860.37	5237.471
860.7	5221.785
861.02	5203.455
861.35	5181.753
861.67	5155.575
862	5125.067
862.32	5091.485
862.64	5056.08
862.97	5020.421
863.29	4985.832
863.62	4953.113
863.94	4923.402
864.26	4897.942
864.59	4877.276
864.91	4861.442
865.24	4850.087
865.56	4842.406
865.88	4837.533
866.21	4834.623
866.53	4832.709
866.85	4830.689
867.18	4827.601
867.5	4822.778
867.82	4815.06
868.15	4803.216
868.47	4786.917
868.79	4766.227
869.12	4742.564
869.44	4718.296
869.76	4694.261
870.09	4670.512
870.41	4645.708
870.73	4617.467
871.06	4585.691
871.38	4551.598
871.7	4518.448
872.02	4490.951
872.35	4470.553
872.67	4456.875
872.99	4446.251
873.31	4432.586
873.64	4414.712
873.96	4393.988
874.28	4376.045
874.6	4370.014
874.93	4376.773
875.25	4392.211
875.57	4407.474
875.89	4408.942
876.21	4393.115
876.54	4363.794
876.86	4328.288
877.18	4298.574
877.5	4278.309
877.82	4264.417
878.14	4252.245
878.47	4234.227
878.79	4208.601
879.11	4178.452
879.43	4148.297
879.75	4124.71
880.07	4109.299
880.4	4099.911
880.72	4092.343
881.04	4079.979
881.36	4061.568
881.68	4039.776
882	4018.65
882.32	4004.638
882.64	3998.999
882.96	3998.482
883.29	4000.49
883.61	4001.166
883.93	3998.505
884.25	3993.617
884.57	3984.465
884.89	3967.78
885.21	3944.108
885.53	3915.062
885.85	3885.926
886.17	3865.416
886.49	3855.299
886.81	3852.442
887.13	3852.873
887.45	3849.867
887.77	3840.767
888.09	3827.529
888.41	3809.202
888.73	3784.419
889.05	3754.256
889.37	3719.629
889.69	3685.753
890.01	3661.063
890.33	3647.642
890.65	3643.686
890.97	3644.609
891.29	3642.419
891.61	3634.601
891.93	3622.921
892.25	3609.912
892.57	3599.957
892.89	3593.875
893.21	3589.427
893.53	3584.083
893.85	3574.3
894.16	3559.269
894.48	3540.613
894.8	3520.125
895.12	3500.497
895.44	3482.708
895.76	3465.895
896.08	3450.003
896.4	3434.893
896.72	3420.262
897.03	3406.455
897.35	3392.263
897.67	3375.532
897.99	3356.218
898.31	3335.296
898.63	3315.055
898.94	3299.164
899.26	3288.594
899.58	3282.278
899.9	3278.671
900.22	3275.208
900.53	3270.776
900.85	3265.733
901.17	3260.167
901.49	3254.318
901.81	3248.218
902.12	3241.503
902.44	3233.726
902.76	3224.543
903.08	3213.797
903.39	3201.296
903.71	3188.02
904.03	3175.489
904.35	3163.875
904.66	3152.947
904.98	3140.401
905.3	3122.589
905.62	3099.058
905.93	3071.046
906.25	3042.61
906.57	3020.057
906.88	3005.066
907.2	2996.553
907.52	2990.228
907.83	2978.91
908.15	2961.316
908.47	2939.844
908.78	2920.096
909.1	2910.952
909.42	2913.957
909.73	2925.527
910.05	2939.308
910.37	2945.467
910.68	2941.075
911	2928.715
911.31	2912.412
911.63	2898.792
911.95	2889.932
912.26	2883.907
912.58	2878.275
912.89	2869.286
913.21	2856.115
913.53	2840.391
913.84	2824.634
914.16	2812.514
914.47	2804.641
914.79	2799.377
915.1	2793.971
915.42	2784.196
915.74	2769.078
916.05	2750.318
916.37	2729.879
916.68	2710.83
917	2694.495
917.31	2680.219
917.63	2668.205
917.94	2658.696
918.26	2651.398
918.57	2646.236
918.89	2642.133
919.2	2637.161
919.52	2630.787
919.83	2623.428
920.14	2615.485
920.46	2607.847
920.77	2600.872
921.09	2594.108
921.4	2588.033
921.72	2583.515
922.03	2580.331
922.34	2577.948
922.66	2574.838
922.97	2568.525
923.29	2558.5
923.6	2545.643
923.91	2530.999
924.23	2516.413
924.54	2502.557
924.86	2488.771
925.17	2475.587
925.48	2463.743
925.8	2453.197
926.11	2444.141
926.42	2434.558
926.74	2421.083
927.05	2403.319
927.36	2382.273
927.68	2361.604
927.99	2347.125
928.3	2340.177
928.62	2339.336
928.93	2340.339
929.24	2336.331
929.56	2325.537
929.87	2309.485
930.18	2292.756
930.49	2282.744
930.81	2280.844
931.12	2284.579
931.43	2287.8
931.74	2281.019
932.06	2262.126
932.37	2233.9
932.68	2203.436
932.99	2181.94
933.31	2172.19
933.62	2171.351
933.93	2172.052
934.24	2162.355
934.55	2139.934
934.87	2108.937
935.18	2077.875
935.49	2060.181
935.8	2058.545
936.11	2067.811
936.42	2079.676
936.74	2081.109
937.05	2068.528
937.36	2046.315
937.67	2019.344
937.98	1995.436
938.29	1977.412
938.6	1962.689
938.92	1950.751
939.23	1940.88
939.54	1932.456
939.85	1926.549
940.16	1921.173
940.47	1912.697
940.78	1900.398
941.09	1884.57
941.4	1868.761
941.71	1858.909
942.02	1856.292
942.33	1859.738
942.65	1864.122
942.96	1861.127
943.27	1849.328
943.58	1831.238
943.89	1814.064
944.2	1809.385
944.51	1819.122
944.82	1838.86
945.13	1860.15
945.44	1869.583
945.75	1863.936
946.06	1848.006
946.37	1828.062
946.68	1814.04
946.99	1809.559
947.3	1811.904
947.6	1819.513
947.91	1829.943
948.22	1841.534
948.53	1854.595
948.84	1868.125
949.15	1880.22
949.46	1889.986
949.77	1897.284
950.08	1901.077
950.39	1900.351
950.7	1895.689
951.01	1888.049
951.31	1880.831
951.62	1879.292
951.93	1884.652
952.24	1895.533
952.55	1908.913
952.86	1919.658
953.17	1926.019
953.47	1929.079
953.78	1930.156
954.09	1931.525
954.4	1933.956
954.71	1936.76
955.02	1939.035
955.32	1939.546
955.63	1938.229
955.94	1935.726
956.25	1933.76
956.56	1934.941
956.86	1939.448
957.17	1945.998
957.48	1952.289
957.79	1954.608
958.09	1952.249
958.4	1947.055
958.71	1940.31
959.02	1933.984
959.32	1929.392
959.63	1926.133
959.94	1926.142
960.25	1932.535
960.55	1944.924
960.86	1961.399
961.17	1977.859
961.47	1987.708
961.78	1989.153
962.09	1984.279
962.39	1974.652
962.7	1963.213
963.01	1951.746
963.31	1939.657
963.62	1929.9
963.93	1926.954
964.23	1931.395
964.54	1942.513
964.85	1955.121
965.15	1960.472
965.46	1956.593
965.76	1945.503
966.07	1932.869
966.38	1928.253
966.68	1933.454
966.99	1944.886
967.29	1956.62
967.6	1959.24
967.9	1950.662
968.21	1934.796
968.52	1915.927
968.82	1900.701
969.13	1891.564
969.43	1886.304
969.74	1884.887
970.04	1887.261
970.35	1892.403
970.65	1900.336
970.96	1907.534
971.26	1908.127
971.57	1901.033
971.87	1887.699
972.18	1872.262
972.48	1861.812
972.79	1858.19
973.09	1859.328
973.4	1862.262
973.7	1862.086
974.01	1857.328
974.31	1849.684
974.62	1840.605
974.92	1832.277
975.22	1825.495
975.53	1819.417
975.83	1813.717
976.14	1808.059
976.44	1802.346
976.74	1797.031
977.05	1792.214
977.35	1787.792
977.66	1783.881
977.96	1780.571
978.26	1778.032
978.57	1776.612
978.87	1776.24
979.17	1776.534
979.48	1777.421
979.78	1778.725
980.08	1780.331
980.39	1782.434
980.69	1783.895
980.99	1783.156
981.3	1779.729
981.6	1773.149
981.9	1765.976
982.21	1762.445
982.51	1763.04
982.81	1766.991
983.11	1768.902
983.42	1759.87
983.72	1739.274
984.02	1711.13
984.32	1684.042
984.63	1671.552
984.93	1676.275
985.23	1693.501
985.53	1716.658
985.84	1733.11
986.14	1738.196
986.44	1743.178
986.74	1733.321
987.05	1720.047
987.35	1700.605
987.65	1675.621
987.95	1650.274
988.25	1633.5
988.55	1627.538
988.86	1630.474
989.16	1637.653
989.46	1640.697
989.76	1637.169
990.06	1629.408
990.36	1619.938
990.66	1613.01
990.97	1609.84
991.27	1608.503
991.57	1607.908
991.87	1606.728
992.17	1604.35
992.47	1601.472
992.77	1597.997
993.07	1593.481
993.37	1588.126
993.68	1582.2
993.98	1576.389
994.28	1571.911
994.58	1569.012
994.88	1567.142
995.18	1566.175
995.48	1565.825
995.78	1565.726
996.08	1565.988
996.38	1565.297
996.68	1561.591
996.98	1554.741
997.28	1545.41
997.58	1536.025
997.88	1530.574
998.18	1529.81
998.48	1532.381
998.78	1535.868
999.08	1536.24
999.38	1532.495
999.68	1526.168
999.98	1518.465
1000.28	1511.38
1000.58	1505.689
1000.88	1500.409
1001.18	1496.349
1001.48	1494.905
1001.78	1495.89
1002.07	1499.042
1002.37	1501.538
1002.67	1498.666
1002.97	1489.841
1003.27	1476.824
1003.57	1463.474
1003.87	1456.038
1004.17	1456.098
1004.47	1461.628
1004.76	1469.899
1005.06	1476.503
1005.36	1479.667
1005.66	1480.297
1005.96	1478.855
1006.26	1476.146
1006.56	1472.605
1006.85	1467.946
1007.15	1461.996
1007.45	1454.781
1007.75	1446.585
1008.05	1437.671
1008.34	1429.506
1008.64	1424.176
1008.94	1421.894
1009.24	1422.067
1009.54	1422.314
1009.83	1418.69
1010.13	1410.605
1010.43	1399.658
1010.73	1388.484
1011.03	1381.349
1011.32	1379.417
1011.62	1381.125
1011.92	1385.405
1012.21	1390.493
1012.51	1395.397
1012.81	1400.655
1013.11	1404.92
1013.4	1406.029
1013.7	1403.853
1014	1398.898
1014.3	1393.803
1014.59	1392.978
1014.89	1397.379
1015.19	1405.72
1015.48	1415.207
1015.78	1421.316
1016.08	1422.573
1016.37	1419.807
1016.67	1414.956
1016.97	1411.254
1017.26	1409.441
1017.56	1408.552
1017.86	1406.209
1018.15	1398.72
1018.45	1385.745
1018.74	1369.097
1019.04	1352.436
1019.34	1341.319
1019.63	1337.11
1019.93	1338.101
